"Source:","/home/martin/elektronik/radios/saba fernbedienung/cad/pcb/saba-fernbedienung/rev2-a/saba-fernbedienung.sch"
"Date:","Wed 18 Aug 2021 13:08:03 CEST"
"Tool:","Eeschema 5.1.10-88a1d61d58~88~ubuntu18.04.1"
"Generator:","/usr/share/kicad/plugins/bom_csv_grouped_by_value.py"
"Component Count:","237"

"Individual Components:"

"Item","Qty","Reference(s)","Value","LibPart","Footprint","Datasheet","Bauteil","Coil Voltage","Placement","Voltage"
"","","C201","100n","Device:C","Capacitor_SMD:C_0603_1608Metric","~","WE 885382206004","","",""
"","","C301","100n","Device:C","Capacitor_SMD:C_0603_1608Metric","~","WE 885382206004","","",""
"","","C302","10u","Device:C","Capacitor_SMD:C_1206_3216Metric","~","WE 885012208069","","",""
"","","C303","100n","Device:C","Capacitor_SMD:C_0603_1608Metric","~","WE 885382206004","","NP",""
"","","C304","100n","Device:C","Capacitor_SMD:C_0603_1608Metric","~","WE 885382206004","","",""
"","","C401","100n","Device:C","Capacitor_SMD:C_0603_1608Metric","~","WE 885382206004","","",""
"","","C402","1000u","Device:CP","local:CP_Radial_D10.0mm_P5.00mm_L20.00mm_liegend","~","WE 860020375017","","","16V"
"","","C403","10u","Device:C","Capacitor_SMD:C_1206_3216Metric","~","WE 885012208069","","",""
"","","C404","10u","Device:C","Capacitor_SMD:C_1206_3216Metric","~","WE 885012208069","","",""
"","","C405","220u","Device:CP","local:CP_Radial_D10.0mm_P5.00mm_L12.50mm_liegend","~","WE 860020675020","","","10V"
"","","C406","100n","Device:C","Capacitor_SMD:C_0603_1608Metric","~","WE 885382206004","","",""
"","","C407","220u","Device:CP","Capacitor_THT:CP_Radial_D10.0mm_P5.00mm","~","WE 860020675020","","","50V"
"","","C408","100n","Device:C","Capacitor_SMD:C_0603_1608Metric","~","WE 885382206004","","",""
"","","C409","10u","Device:C","Capacitor_SMD:C_1206_3216Metric","~","WE 885012208069","","",""
"","","C410","10u","Device:C","Capacitor_SMD:C_1206_3216Metric","~","WE 885012208069","","",""
"","","C411","10u","Device:C","Capacitor_SMD:C_1206_3216Metric","~","WE 885012208069","","",""
"","","C412","10u","Device:C","Capacitor_SMD:C_1206_3216Metric","~","WE 885012208069","","",""
"","","C413","10u","Device:C","Capacitor_SMD:C_1206_3216Metric","~","WE 885012208069","","",""
"","","C414","10u","Device:C","Capacitor_SMD:C_1206_3216Metric","~","WE 885012208069","","",""
"","","C415","220u","Device:CP","Capacitor_THT:CP_Radial_D10.0mm_P5.00mm","~","WE 860020675020","","","50V"
"","","C416","100n","Device:C","Capacitor_SMD:C_0603_1608Metric","~","WE 885382206004","","",""
"","","C501","100n","Device:C","Capacitor_SMD:C_0603_1608Metric","~","WE 885382206004","","",""
"","","C502","100n","Device:C","Capacitor_SMD:C_0603_1608Metric","~","WE 885382206004","","",""
"","","C503","470n","Device:C","Capacitor_SMD:C_0805_2012Metric","~","WE 885012207102","","",""
"","","C504","470n","Device:C","Capacitor_SMD:C_0805_2012Metric","~","WE 885012207102","","",""
"","","C505","470n","Device:C","Capacitor_SMD:C_0805_2012Metric","~","WE 885012207102","","",""
"","","C506","100n","Device:C","Capacitor_SMD:C_0603_1608Metric","~","WE 885382206004","","",""
"","","C507","100n","Device:C","Capacitor_SMD:C_0603_1608Metric","~","WE 885382206004","","",""
"","","C508","100n","Device:C","Capacitor_SMD:C_0603_1608Metric","~","WE 885382206004","","",""
"","","C601","100n","Device:C","Capacitor_SMD:C_0603_1608Metric","~","WE 885382206004","","",""
"","","C701","100n","Device:C","Capacitor_SMD:C_0603_1608Metric","~","WE 885382206004","","",""
"","","C702","100n","Device:C","Capacitor_SMD:C_0603_1608Metric","~","WE 885382206004","","",""
"","","C703","100n","Device:C","Capacitor_SMD:C_0603_1608Metric","~","WE 885382206004","","",""
"","","C704","100n","Device:C","Capacitor_SMD:C_0603_1608Metric","~","WE 885382206004","","",""
"","","C705","1u","Device:C","Capacitor_SMD:C_0805_2012Metric","~","WE 885012207078","","",""
"","","C706","10u","Device:C","Capacitor_SMD:C_1206_3216Metric","~","WE 885012208069","","",""
"","","C707","100n","Device:C","Capacitor_SMD:C_0603_1608Metric","~","WE 885382206004","","",""
"","","C708","100n","Device:C","Capacitor_SMD:C_0603_1608Metric","~","WE 885382206004","","",""
"","","C709","100n","Device:C","Capacitor_SMD:C_0603_1608Metric","~","WE 885382206004","","",""
"","","C710","100n","Device:C","Capacitor_SMD:C_0603_1608Metric","~","WE 885382206004","","",""
"","","C711","100n","Device:C","Capacitor_SMD:C_0603_1608Metric","~","WE 885382206004","","",""
"","","C712","100n","Device:C","Capacitor_SMD:C_0603_1608Metric","~","WE 885382206004","","",""
"","","C713","100n","Device:C","Capacitor_SMD:C_0603_1608Metric","~","WE 885382206004","","",""
"","","C714","1u","Device:C","Capacitor_SMD:C_0805_2012Metric","~","WE 885012207078","","",""
"","","C715","22p","Device:C","Capacitor_SMD:C_0603_1608Metric","~","WE 885012206079","","",""
"","","C716","22p","Device:C","Capacitor_SMD:C_0603_1608Metric","~","WE 885012206079","","",""
"","","C717","1u","Device:C","Capacitor_SMD:C_0805_2012Metric","~","WE 885012207078","","",""
"","","C718","1u","Device:C","Capacitor_SMD:C_0805_2012Metric","~","WE 885012207078","","",""
"","","C719","1u","Device:C","Capacitor_SMD:C_0805_2012Metric","~","WE 885012207078","","",""
"","","C720","100n","Device:C","Capacitor_SMD:C_0603_1608Metric","~","WE 885382206004","","",""
"","","C721","1u","Device:C","Capacitor_SMD:C_0805_2012Metric","~","WE 885012207078","","",""
"","","C722","1u","Device:C","Capacitor_SMD:C_0805_2012Metric","~","WE 885012207078","","",""
"","","C723","47n","Device:C","Capacitor_SMD:C_0603_1608Metric","~","WE 885012206093","","",""
"","","C724","10n","Device:C","Capacitor_SMD:C_0603_1608Metric","~","WE 885012206089","","",""
"","","C725","10n","Device:C","Capacitor_SMD:C_0603_1608Metric","~","WE 885012206089","","",""
"","","C726","10u","Device:C","Capacitor_SMD:C_1206_3216Metric","~","WE 885012208069","","",""
"","","C727","100n","Device:C","Capacitor_SMD:C_0603_1608Metric","~","WE 885382206004","","",""
"","","D201","1N4148","Device:D","Diode_SMD:D_SOD-323F","~","0R","","",""
"","","D202","1N4148","Device:D","Diode_SMD:D_SOD-323F","~","ON 1N4148WS","","",""
"","","D302","B140-E3","Diode:B140-E3","Diode_SMD:D_SMA","http://www.vishay.com/docs/88946/b120.pdf","Vishay B140-E3/61T","","NP",""
"","","D303","SMAJ5.0A","Diode:SM6T6V8A","Diode_SMD:D_SMA","","SMAJ5.0A-13-F","","NP",""
"","","D401","B140-E3","Diode:B140-E3","Diode_SMD:D_SMA","http://www.vishay.com/docs/88946/b120.pdf","Vishay B140-E3/61T","","",""
"","","D402","B140-E3","Diode:B140-E3","Diode_SMD:D_SMA","http://www.vishay.com/docs/88946/b120.pdf","Vishay B140-E3/61T","","",""
"","","D403","B140-E3","Diode:B140-E3","Diode_SMD:D_SMA","http://www.vishay.com/docs/88946/b120.pdf","Vishay B140-E3/61T","","",""
"","","D404","B140-E3","Diode:B140-E3","Diode_SMD:D_SMA","http://www.vishay.com/docs/88946/b120.pdf","Vishay B140-E3/61T","","",""
"","","D405","1N4007","Device:D","Diode_SMD:D_SMA","~","1N4007FLTR","","",""
"","","D406","B140-E3","Diode:B140-E3","Diode_SMD:D_SMA","http://www.vishay.com/docs/88946/b120.pdf","Vishay B140-E3/61T","","",""
"","","D407","1N4007","Device:D","Diode_SMD:D_SMA","~","1N4007FLTR","","",""
"","","D501","1N4148","Device:D","Diode_SMD:D_SOD-323F","~","ON 1N4148WS","","",""
"","","D502","1N4148","Device:D","Diode_SMD:D_SOD-323F","~","ON 1N4148WS","","",""
"","","D503","SMAJ33CA","Device:D_TVS","Diode_SMD:D_SMA","~","Diodes SMAJ33CAQ-13-F","","",""
"","","D504","SMAJ33CA","Device:D_TVS","Diode_SMD:D_SMA","~","Diodes SMAJ33CAQ-13-F","","",""
"","","D505","LED","Device:LED","LED_SMD:LED_0805_2012Metric","~","WE 150080BS75000","","",""
"","","D506","LED","Device:LED","LED_SMD:LED_0805_2012Metric","~","WE 150080BS75000","","",""
"","","D507","LED","Device:LED","LED_SMD:LED_0805_2012Metric","~","WE 150080BS75000","","",""
"","","D601","1N4148","Device:D","Diode_SMD:D_SOD-323F","~","ON 1N4148WS","","",""
"","","D602","SMAJ33CA","Device:D_TVS","Diode_SMD:D_SMA","~","Diodes SMAJ33CAQ-13-F","","",""
"","","D603","1N4148","Device:D","Diode_SMD:D_SOD-323F","~","ON 1N4148WS","","",""
"","","D604","1N4148","Device:D","Diode_SMD:D_SOD-323F","~","ON 1N4148WS","","",""
"","","D605","SMAJ33CA","Device:D_TVS","Diode_SMD:D_SMA","~","Diodes SMAJ33CAQ-13-F","","",""
"","","D606","1N4148","Device:D","Diode_SMD:D_SOD-323F","~","ON 1N4148WS","","",""
"","","D607","1N4148","Device:D","Diode_SMD:D_SOD-323F","~","ON 1N4148WS","","",""
"","","D608","1N4148","Device:D","Diode_SMD:D_SOD-323F","~","ON 1N4148WS","","",""
"","","D609","1N4148","Device:D","Diode_SMD:D_SOD-323F","~","ON 1N4148WS","","",""
"","","D610","1N4148","Device:D","Diode_SMD:D_SOD-323F","~","ON 1N4148WS","","",""
"","","D611","1N4148","Device:D","Diode_SMD:D_SOD-323F","~","ON 1N4148WS","","",""
"","","D612","LED","Device:LED","LED_SMD:LED_0805_2012Metric","~","WE 150080BS75000","","",""
"","","J201","Conn_ARM_JTAG_SWD_10","Connector:Conn_ARM_JTAG_SWD_10","Connector_PinHeader_1.27mm:PinHeader_2x05_P1.27mm_Vertical","http://infocenter.arm.com/help/topic/com.arm.doc.ddi0314h/DDI0314H_coresight_components_trm.pdf","","","NP",""
"","","J301","Conn_01x04","Connector_Generic:Conn_01x04","Connector_PinHeader_2.54mm:PinHeader_1x04_P2.54mm_Vertical","~","","","",""
"","","J302","Conn_01x04","Connector_Generic:Conn_01x04","Connector_PinHeader_2.54mm:PinHeader_1x04_P2.54mm_Vertical","~","","","",""
"","","J303","Micro_SD_Card","Connector:Micro_SD_Card","Connector_Card:microSD_HC_Hirose_DM3AT-SF-PEJM5","http://katalog.we-online.de/em/datasheet/693072010801.pdf","Hirose DM3AT-SF-PEJM5","","",""
"","","J304","Conn_01x04","Connector_Generic:Conn_01x04","Connector_PinHeader_2.54mm:PinHeader_1x04_P2.54mm_Vertical","~","","","",""
"","","J305","AudioJack3","Connector:AudioJack3","Connector_Audio:Jack_3.5mm_CUI_SJ-3523-SMT_Horizontal","~","CUI SJ-3523-SMT-TR","","",""
"","","J306","Conn_01x02","Connector_Generic:Conn_01x02","Connector_PinHeader_2.54mm:PinHeader_1x02_P2.54mm_Vertical","~","","","",""
"","","J307","Conn_01x04","Connector_Generic:Conn_01x04","Connector_PinHeader_2.54mm:PinHeader_1x04_P2.54mm_Vertical","~","","","",""
"","","J308","Conn_01x01","Connector_Generic:Conn_01x01","Connector_PinHeader_2.54mm:PinHeader_1x01_P2.54mm_Vertical","~","","","",""
"","","J309","Conn_01x01","Connector_Generic:Conn_01x01","Connector_PinHeader_2.54mm:PinHeader_1x01_P2.54mm_Vertical","~","","","",""
"","","J310","Conn_01x01","Connector_Generic:Conn_01x01","Connector_PinHeader_2.54mm:PinHeader_1x01_P2.54mm_Vertical","~","","","",""
"","","J311","Conn_01x04","Connector_Generic:Conn_01x04","Connector_PinHeader_2.54mm:PinHeader_1x04_P2.54mm_Vertical","~","","","",""
"","","J312","USB_C_Receptacle_USB2.0","Connector:USB_C_Receptacle_USB2.0","Connector_USB:USB_C_Receptacle_HRO_TYPE-C-31-M-12","https://www.usb.org/sites/default/files/documents/usb_type-c.zip","GCT USB4125-GF-A","","NP",""
"","","K601","G6K-2","Relay:G6K-2","Relay_THT:Relay_DPDT_Omron_G6K-2P","http://omronfs.omron.com/en_US/ecb/products/pdf/en-g6k.pdf","Omron G6K-2P DC5","","",""
"","","K602","G6K-2","Relay:G6K-2","Relay_THT:Relay_DPDT_Omron_G6K-2P","http://omronfs.omron.com/en_US/ecb/products/pdf/en-g6k.pdf","Omron G6K-2P DC5","","",""
"","","K603","G6K-2","Relay:G6K-2","Relay_THT:Relay_DPDT_Omron_G6K-2P","http://omronfs.omron.com/en_US/ecb/products/pdf/en-g6k.pdf","Omron G6K-2P DC5","","",""
"","","K604","G6K-2","Relay:G6K-2","Relay_THT:Relay_DPDT_Omron_G6K-2P","http://omronfs.omron.com/en_US/ecb/products/pdf/en-g6k.pdf","Omron G6K-2P DC5","","",""
"","","K605","G6K-2","Relay:G6K-2","Relay_THT:Relay_DPDT_Omron_G6K-2P","http://omronfs.omron.com/en_US/ecb/products/pdf/en-g6k.pdf","Omron G6K-2P DC5","","",""
"","","K606","G6K-2","Relay:G6K-2","Relay_THT:Relay_DPDT_Omron_G6K-2P","http://omronfs.omron.com/en_US/ecb/products/pdf/en-g6k.pdf","Omron G6K-2P DC5","","",""
"","","K607","RT42xFxx","Relay:RT42xFxx","Relay_THT:Relay_DPDT_Schrack-RT2-FormC-Dual-Coil_RM5mm","http://www.te.com/commerce/DocumentDelivery/DDEController?Action=showdoc&DocId=Data+Sheet%7FRT2_bistable%7F1116%7Fpdf%7FEnglish%7FENG_DS_RT2_bistable_1116.pdf%7F1-1415537-8","","5V","",""
"","","L401","4,7u","Device:L","local:WE-LQ","~","WE 744045004","","",""
"","","L701","4,7u","Device:L","local:WE-LQ","~","WE 744045004","","",""
"","","Q601","BC846","Transistor_BJT:BC846","Package_TO_SOT_SMD:SOT-23","","ON BC846BLT3G","","",""
"","","Q602","BC846","Transistor_BJT:BC846","Package_TO_SOT_SMD:SOT-23","","ON BC846BLT3G","","",""
"","","Q603","BC846","Transistor_BJT:BC846","Package_TO_SOT_SMD:SOT-23","","ON BC846BLT3G","","",""
"","","Q604","BC846","Transistor_BJT:BC846","Package_TO_SOT_SMD:SOT-23","","ON BC846BLT3G","","",""
"","","Q605","BC846","Transistor_BJT:BC846","Package_TO_SOT_SMD:SOT-23","","ON BC846BLT3G","","",""
"","","Q606","BC846","Transistor_BJT:BC846","Package_TO_SOT_SMD:SOT-23","","ON BC846BLT3G","","",""
"","","Q607","BC846","Transistor_BJT:BC846","Package_TO_SOT_SMD:SOT-23","","ON BC846BLT3G","","",""
"","","Q608","BC846","Transistor_BJT:BC846","Package_TO_SOT_SMD:SOT-23","","ON BC846BLT3G","","",""
"","","R201","10k","Device:R","Resistor_SMD:R_0603_1608Metric","~","","","",""
"","","R202","0","Device:R","Resistor_SMD:R_0603_1608Metric","~","","","NP",""
"","","R203","4k7","Device:R","Resistor_SMD:R_0603_1608Metric","~","","","",""
"","","R204","10k","Device:R","Resistor_SMD:R_0603_1608Metric","~","","","",""
"","","R205","1k","Device:R","Resistor_SMD:R_0603_1608Metric","~","","","",""
"","","R206","100","Device:R","Resistor_SMD:R_0603_1608Metric","~","","","NP",""
"","","R207","100","Device:R","Resistor_SMD:R_0603_1608Metric","~","","","NP",""
"","","R208","100","Device:R","Resistor_SMD:R_0603_1608Metric","~","","","NP",""
"","","R209","100","Device:R","Resistor_SMD:R_0603_1608Metric","~","","","NP",""
"","","R301","1M","Device:R","Resistor_SMD:R_0603_1608Metric","~","","","",""
"","","R302","100","Device:R","Resistor_SMD:R_0603_1608Metric","~","","","",""
"","","R303","5k1","Device:R","Resistor_SMD:R_0603_1608Metric","~","","","NP",""
"","","R304","5k1","Device:R","Resistor_SMD:R_0603_1608Metric","~","","","NP",""
"","","R305","1M","Device:R","Resistor_SMD:R_0603_1608Metric","~","","","NP",""
"","","R401","220","Device:R","Resistor_SMD:R_0603_1608Metric","~","","","",""
"","","R402","470","Device:R","Resistor_SMD:R_0603_1608Metric","~","","","",""
"","","R501","100k","Device:R","Resistor_SMD:R_0603_1608Metric","~","","","",""
"","","R502","22k","Device:R","Resistor_SMD:R_0603_1608Metric","~","","","",""
"","","R503","100k","Device:R","Resistor_SMD:R_0603_1608Metric","~","","","",""
"","","R504","1k","Device:R","Resistor_SMD:R_0603_1608Metric","~","","","",""
"","","R505","1k","Device:R","Resistor_SMD:R_0603_1608Metric","~","","","",""
"","","R506","100k","Device:R","Resistor_SMD:R_0603_1608Metric","~","","","",""
"","","R507","470k","Device:R","Resistor_SMD:R_0603_1608Metric","~","","","",""
"","","R508","22k","Device:R","Resistor_SMD:R_0603_1608Metric","~","","","",""
"","","R509","100k","Device:R","Resistor_SMD:R_0603_1608Metric","~","","","",""
"","","R510","100k","Device:R","Resistor_SMD:R_0603_1608Metric","~","","","",""
"","","R511","270k","Device:R","Resistor_SMD:R_0603_1608Metric","~","","","",""
"","","R512","10k","Device:R","Resistor_SMD:R_0603_1608Metric","~","","","",""
"","","R513","4k7","Device:R","Resistor_SMD:R_0603_1608Metric","~","","","",""
"","","R514","20k","Device:R","Resistor_SMD:R_0603_1608Metric","~","","","",""
"","","R515","10k","Device:R","Resistor_SMD:R_0603_1608Metric","~","","","",""
"","","R516","4k7","Device:R","Resistor_SMD:R_0603_1608Metric","~","","","",""
"","","R517","10k","Device:R","Resistor_SMD:R_0603_1608Metric","~","","","",""
"","","R518","10k","Device:R","Resistor_SMD:R_0603_1608Metric","~","","","",""
"","","R519","470k","Device:R","Resistor_SMD:R_0603_1608Metric","~","","","",""
"","","R520","360k","Device:R","Resistor_SMD:R_0603_1608Metric","~","","","",""
"","","R521","22k","Device:R","Resistor_SMD:R_0603_1608Metric","~","","","",""
"","","R522","1M","Device:R","Resistor_SMD:R_0603_1608Metric","~","","","NP",""
"","","R523","120k","Device:R","Resistor_SMD:R_0603_1608Metric","~","","","",""
"","","R524","1M","Device:R","Resistor_SMD:R_0603_1608Metric","~","","","NP",""
"","","R525","10k","Device:R","Resistor_SMD:R_0603_1608Metric","~","","","",""
"","","R526","10k","Device:R","Resistor_SMD:R_0603_1608Metric","~","","","",""
"","","R527","10k","Device:R","Resistor_SMD:R_0603_1608Metric","~","","","",""
"","","R528","150k","Device:R","Resistor_SMD:R_0603_1608Metric","~","","","",""
"","","R529","10k","Device:R","Resistor_SMD:R_0603_1608Metric","~","","","",""
"","","R530","4k7","Device:R","Resistor_SMD:R_0603_1608Metric","~","","","",""
"","","R531","10k","Device:R","Resistor_SMD:R_0603_1608Metric","~","","","",""
"","","R532","10k","Device:R","Resistor_SMD:R_0603_1608Metric","~","","","",""
"","","R533","180k","Device:R","Resistor_SMD:R_0603_1608Metric","~","","","",""
"","","R534","82k","Device:R","Resistor_SMD:R_0603_1608Metric","~","","","",""
"","","R535","1M","Device:R","Resistor_SMD:R_0603_1608Metric","~","","","NP",""
"","","R536","10k","Device:R","Resistor_SMD:R_0603_1608Metric","~","","","",""
"","","R601","4k7","Device:R","Resistor_SMD:R_0603_1608Metric","~","","","",""
"","","R602","4k7","Device:R","Resistor_SMD:R_0603_1608Metric","~","","","",""
"","","R603","1k","Device:R","Resistor_THT:R_Axial_DIN0207_L6.3mm_D2.5mm_P7.62mm_Horizontal","~","","","",""
"","","R604","4k7","Device:R","Resistor_SMD:R_0603_1608Metric","~","","","",""
"","","R605","4k7","Device:R","Resistor_SMD:R_0603_1608Metric","~","","","",""
"","","R606","12k","Device:R","Resistor_SMD:R_0603_1608Metric","~","","","",""
"","","R607","4k7","Device:R","Resistor_SMD:R_0603_1608Metric","~","","","",""
"","","R608","4k7","Device:R","Resistor_SMD:R_0603_1608Metric","~","","","",""
"","","R609","10k","Device:R","Resistor_SMD:R_0603_1608Metric","~","","","",""
"","","R610","4k7","Device:R","Resistor_SMD:R_0603_1608Metric","~","","","",""
"","","R611","4k7","Device:R","Resistor_SMD:R_0603_1608Metric","~","","","",""
"","","R612","12k","Device:R","Resistor_SMD:R_0603_1608Metric","~","","","",""
"","","R613","4k7","Device:R","Resistor_SMD:R_0603_1608Metric","~","","","",""
"","","R614","4k7","Device:R","Resistor_SMD:R_0603_1608Metric","~","","","",""
"","","R615","4k7","Device:R","Resistor_SMD:R_0603_1608Metric","~","","","",""
"","","R616","4k7","Device:R","Resistor_SMD:R_0603_1608Metric","~","","","",""
"","","R617","1k","Device:R","Resistor_THT:R_Axial_DIN0207_L6.3mm_D2.5mm_P7.62mm_Horizontal","~","","","",""
"","","R618","5k6","Device:R","Resistor_THT:R_Axial_DIN0207_L6.3mm_D2.5mm_P7.62mm_Horizontal","~","","","",""
"","","R619","4k7","Device:R","Resistor_SMD:R_0603_1608Metric","~","","","",""
"","","R620","10k","Device:R","Resistor_SMD:R_0603_1608Metric","~","","","",""
"","","R621","1k","Device:R","Resistor_SMD:R_0603_1608Metric","~","","","",""
"","","R622","4k7","Device:R","Resistor_SMD:R_0603_1608Metric","~","","","",""
"","","R623","4k7","Device:R","Resistor_SMD:R_0603_1608Metric","~","","","",""
"","","R624","10k","Device:R","Resistor_SMD:R_0603_1608Metric","~","","","",""
"","","R625","4k7","Device:R","Resistor_SMD:R_0603_1608Metric","~","","","",""
"","","R626","4k7","Device:R","Resistor_SMD:R_0603_1608Metric","~","","","",""
"","","R701","1k","Device:R","Resistor_SMD:R_0603_1608Metric","~","","","",""
"","","R702","100k","Device:R","Resistor_SMD:R_0603_1608Metric","~","","","",""
"","","R703","100k","Device:R","Resistor_SMD:R_0603_1608Metric","~","","","",""
"","","R704","100k","Device:R","Resistor_SMD:R_0603_1608Metric","~","","","",""
"","","R705","10k","Device:R","Resistor_SMD:R_0603_1608Metric","~","","","",""
"","","R706","1M","Device:R","Resistor_SMD:R_0603_1608Metric","~","","","NP",""
"","","R707","1M","Device:R","Resistor_SMD:R_0603_1608Metric","~","","","",""
"","","R708","1k","Device:R","Resistor_SMD:R_0603_1608Metric","~","","","",""
"","","R709","100k","Device:R","Resistor_SMD:R_0603_1608Metric","~","","","",""
"","","R710","100","Device:R","Resistor_SMD:R_0603_1608Metric","~","","","",""
"","","R711","100k","Device:R","Resistor_SMD:R_0603_1608Metric","~","","","",""
"","","R712","100","Device:R","Resistor_SMD:R_0603_1608Metric","~","","","",""
"","","R713","100k","Device:R","Resistor_SMD:R_0603_1608Metric","~","","","",""
"","","R714","10k","Device:R","Resistor_SMD:R_0603_1608Metric","~","","","",""
"","","R715","10","Device:R","Resistor_SMD:R_0603_1608Metric","~","","","",""
"","","R716","22","Device:R","Resistor_SMD:R_0603_1608Metric","~","","","",""
"","","R717","22","Device:R","Resistor_SMD:R_0603_1608Metric","~","","","",""
"","","R718","1M","Device:R","Resistor_SMD:R_0603_1608Metric","~","","","NP",""
"","","R719","100k","Device:R","Resistor_SMD:R_0603_1608Metric","~","","","",""
"","","R720","100k","Device:R","Resistor_SMD:R_0603_1608Metric","~","","","",""
"","","R721","100k","Device:R","Resistor_SMD:R_0603_1608Metric","~","","","",""
"","","R722","220","Device:R","Resistor_SMD:R_0603_1608Metric","~","","","",""
"","","R723","220","Device:R","Resistor_SMD:R_0603_1608Metric","~","","","",""
"","","RV701","20k lin","Device:R_POT","Potentiometer_SMD:Potentiometer_Vishay_TS53YL_Vertical","~","Vishay TS53YL203MR10","","",""
"","","RV702","20k lin","Device:R_POT","Potentiometer_SMD:Potentiometer_Vishay_TS53YL_Vertical","~","Vishay TS53YL203MR10","","",""
"","","T701","1:1","Device:Transformer_1P_1S","local:Transformer_NF_EI14","~","","","",""
"","","T702","1:1","Device:Transformer_1P_1S","local:Transformer_NF_EI14","~","","","NP",""
"","","U201","DOIT-DEVKITV1-ESP32-WROOM-32","local:DOIT-DEVKITV1-ESP32-WROOM-32","local:DOIT-DEVKITV1-ESP32-WROOM-32","","Doit ESP32 DEVKITV1 (Board mit ESP WROOM-32)","","",""
"","","U202","LTV-357T","Isolator:LTV-357T","Package_SO:SO-4_4.4x3.6mm_P2.54mm","https://www.buerklin.com/medias/sys_master/download/download/h91/ha0/8892020588574.pdf","Lite-On LTV-357T","","",""
"","","U301","TSOP31238","Interface_Optical:TSOP312xx","OptoDevice:Vishay_CAST-3Pin","http://www.vishay.com/docs/82492/tsop312.pdf","Vishay TSOP31238","","",""
"","","U401","1117 5.0V","Regulator_Linear:AP1117-18","Package_TO_SOT_SMD:TO-252-3_TabPin2","","LD1117DT50CTR","","",""
"","","U402","1117 1.8V","Regulator_Linear:AP1117-18","Package_TO_SOT_SMD:SOT-223-3_TabPin2","","ST LD1117S18CTR","","",""
"","","U403","1117 3.3V","Regulator_Linear:AP1117-33","Package_TO_SOT_SMD:SOT-223-3_TabPin2","","ST LD1117S33CTR","","",""
"","","U501","ADA4522-2","Device:Opamp_Dual_Generic","Package_SO:SOIC-8_3.9x4.9mm_P1.27mm","https://www.analog.com/media/en/technical-documentation/data-sheets/ADA4522-1_4522-2_4522-4.pdf","ADA4522-2ARMZ","","",""
"","","U502","LM339","Comparator:LM339","Package_SO:SOIC-14_3.9x8.7mm_P1.27mm","https://www.st.com/resource/en/datasheet/lm139.pdf","ON LM339DR2G","","",""
"","","U503","LTV-357T","Isolator:LTV-357T","Package_SO:SO-4_4.4x3.6mm_P2.54mm","https://www.buerklin.com/medias/sys_master/download/download/h91/ha0/8892020588574.pdf","Lite-On LTV-357T","","",""
"","","U504","LTV-357T","Isolator:LTV-357T","Package_SO:SO-4_4.4x3.6mm_P2.54mm","https://www.buerklin.com/medias/sys_master/download/download/h91/ha0/8892020588574.pdf","Lite-On LTV-357T","","",""
"","","U505","LTV-357T","Isolator:LTV-357T","Package_SO:SO-4_4.4x3.6mm_P2.54mm","https://www.buerklin.com/medias/sys_master/download/download/h91/ha0/8892020588574.pdf","Lite-On LTV-357T","","",""
"","","U601","LTV-357T","Isolator:LTV-357T","Package_SO:SO-4_4.4x3.6mm_P2.54mm","https://www.buerklin.com/medias/sys_master/download/download/h91/ha0/8892020588574.pdf","Lite-On LTV-357T","","",""
"","","U701","AD8656","Device:Opamp_Dual_Generic","Package_SO:SOIC-8_3.9x4.9mm_P1.27mm","https://www.analog.com/media/en/technical-documentation/data-sheets/AD8655_8656.pdf","AD8656ARZ","","",""
"","","U702","VS1053","local:VS1053","Package_QFP:LQFP-48_7x7mm_P0.5mm","","VLSI VS1053B","","",""
"","","Y701","12,288MHz","Device:Crystal","Crystal:Crystal_SMD_HC49-SD","~","12,2880-HC49-SMD","","",""



"Collated Components:"

"Item","Qty","Reference(s)","Value","LibPart","Footprint","Datasheet","Bauteil","Coil Voltage","Placement","Voltage"
"1","27","C201, C301, C303, C304, C401, C406, C408, C416, C501, C502, C506, C507, C508, C601, C701, C702, C703, C704, C707, C708, C709, C710, C711, C712, C713, C720, C727","100n","Device:C","Capacitor_SMD:C_0603_1608Metric","~","WE 885382206004","","NP",""
"2","11","C302, C403, C404, C409, C410, C411, C412, C413, C414, C706, C726","10u","Device:C","Capacitor_SMD:C_1206_3216Metric","~","WE 885012208069","","",""
"3","1","C402","1000u","Device:CP","local:CP_Radial_D10.0mm_P5.00mm_L20.00mm_liegend","~","WE 860020375017","","","16V"
"4","1","C405","220u","Device:CP","local:CP_Radial_D10.0mm_P5.00mm_L12.50mm_liegend","~","WE 860020675020","","","10V"
"5","2","C407, C415","220u","Device:CP","Capacitor_THT:CP_Radial_D10.0mm_P5.00mm","~","WE 860020675020","","","50V"
"6","3","C503, C504, C505","470n","Device:C","Capacitor_SMD:C_0805_2012Metric","~","WE 885012207102","","",""
"7","7","C705, C714, C717, C718, C719, C721, C722","1u","Device:C","Capacitor_SMD:C_0805_2012Metric","~","WE 885012207078","","",""
"8","2","C715, C716","22p","Device:C","Capacitor_SMD:C_0603_1608Metric","~","WE 885012206079","","",""
"9","1","C723","47n","Device:C","Capacitor_SMD:C_0603_1608Metric","~","WE 885012206093","","",""
"10","2","C724, C725","10n","Device:C","Capacitor_SMD:C_0603_1608Metric","~","WE 885012206089","","",""
"11","13","D201, D202, D501, D502, D601, D603, D604, D606, D607, D608, D609, D610, D611","1N4148","Device:D","Diode_SMD:D_SOD-323F","~","0R","","",""
"12","6","D302, D401, D402, D403, D404, D406","B140-E3","Diode:B140-E3","Diode_SMD:D_SMA","http://www.vishay.com/docs/88946/b120.pdf","Vishay B140-E3/61T","","NP",""
"13","1","D303","SMAJ5.0A","Diode:SM6T6V8A","Diode_SMD:D_SMA","","SMAJ5.0A-13-F","","NP",""
"14","2","D405, D407","1N4007","Device:D","Diode_SMD:D_SMA","~","1N4007FLTR","","",""
"15","4","D503, D504, D602, D605","SMAJ33CA","Device:D_TVS","Diode_SMD:D_SMA","~","Diodes SMAJ33CAQ-13-F","","",""
"16","4","D505, D506, D507, D612","LED","Device:LED","LED_SMD:LED_0805_2012Metric","~","WE 150080BS75000","","",""
"17","1","J201","Conn_ARM_JTAG_SWD_10","Connector:Conn_ARM_JTAG_SWD_10","Connector_PinHeader_1.27mm:PinHeader_2x05_P1.27mm_Vertical","http://infocenter.arm.com/help/topic/com.arm.doc.ddi0314h/DDI0314H_coresight_components_trm.pdf","","","NP",""
"18","5","J301, J302, J304, J307, J311","Conn_01x04","Connector_Generic:Conn_01x04","Connector_PinHeader_2.54mm:PinHeader_1x04_P2.54mm_Vertical","~","","","",""
"19","1","J303","Micro_SD_Card","Connector:Micro_SD_Card","Connector_Card:microSD_HC_Hirose_DM3AT-SF-PEJM5","http://katalog.we-online.de/em/datasheet/693072010801.pdf","Hirose DM3AT-SF-PEJM5","","",""
"20","1","J305","AudioJack3","Connector:AudioJack3","Connector_Audio:Jack_3.5mm_CUI_SJ-3523-SMT_Horizontal","~","CUI SJ-3523-SMT-TR","","",""
"21","1","J306","Conn_01x02","Connector_Generic:Conn_01x02","Connector_PinHeader_2.54mm:PinHeader_1x02_P2.54mm_Vertical","~","","","",""
"22","3","J308, J309, J310","Conn_01x01","Connector_Generic:Conn_01x01","Connector_PinHeader_2.54mm:PinHeader_1x01_P2.54mm_Vertical","~","","","",""
"23","1","J312","USB_C_Receptacle_USB2.0","Connector:USB_C_Receptacle_USB2.0","Connector_USB:USB_C_Receptacle_HRO_TYPE-C-31-M-12","https://www.usb.org/sites/default/files/documents/usb_type-c.zip","GCT USB4125-GF-A","","NP",""
"24","6","K601, K602, K603, K604, K605, K606","G6K-2","Relay:G6K-2","Relay_THT:Relay_DPDT_Omron_G6K-2P","http://omronfs.omron.com/en_US/ecb/products/pdf/en-g6k.pdf","Omron G6K-2P DC5","","",""
"25","1","K607","RT42xFxx","Relay:RT42xFxx","Relay_THT:Relay_DPDT_Schrack-RT2-FormC-Dual-Coil_RM5mm","http://www.te.com/commerce/DocumentDelivery/DDEController?Action=showdoc&DocId=Data+Sheet%7FRT2_bistable%7F1116%7Fpdf%7FEnglish%7FENG_DS_RT2_bistable_1116.pdf%7F1-1415537-8","","5V","",""
"26","2","L401, L701","4,7u","Device:L","local:WE-LQ","~","WE 744045004","","",""
"27","8","Q601, Q602, Q603, Q604, Q605, Q606, Q607, Q608","BC846","Transistor_BJT:BC846","Package_TO_SOT_SMD:SOT-23","","ON BC846BLT3G","","",""
"28","18","R201, R204, R512, R515, R517, R518, R525, R526, R527, R529, R531, R532, R536, R609, R620, R624, R705, R714","10k","Device:R","Resistor_SMD:R_0603_1608Metric","~","","","",""
"29","1","R202","0","Device:R","Resistor_SMD:R_0603_1608Metric","~","","","NP",""
"30","21","R203, R513, R516, R530, R601, R602, R604, R605, R607, R608, R610, R611, R613, R614, R615, R616, R619, R622, R623, R625, R626","4k7","Device:R","Resistor_SMD:R_0603_1608Metric","~","","","",""
"31","6","R205, R504, R505, R621, R701, R708","1k","Device:R","Resistor_SMD:R_0603_1608Metric","~","","","",""
"32","7","R206, R207, R208, R209, R302, R710, R712","100","Device:R","Resistor_SMD:R_0603_1608Metric","~","","","NP",""
"33","8","R301, R305, R522, R524, R535, R706, R707, R718","1M","Device:R","Resistor_SMD:R_0603_1608Metric","~","","","NP",""
"34","2","R303, R304","5k1","Device:R","Resistor_SMD:R_0603_1608Metric","~","","","NP",""
"35","3","R401, R722, R723","220","Device:R","Resistor_SMD:R_0603_1608Metric","~","","","",""
"36","1","R402","470","Device:R","Resistor_SMD:R_0603_1608Metric","~","","","",""
"37","14","R501, R503, R506, R509, R510, R702, R703, R704, R709, R711, R713, R719, R720, R721","100k","Device:R","Resistor_SMD:R_0603_1608Metric","~","","","",""
"38","3","R502, R508, R521","22k","Device:R","Resistor_SMD:R_0603_1608Metric","~","","","",""
"39","2","R507, R519","470k","Device:R","Resistor_SMD:R_0603_1608Metric","~","","","",""
"40","1","R511","270k","Device:R","Resistor_SMD:R_0603_1608Metric","~","","","",""
"41","1","R514","20k","Device:R","Resistor_SMD:R_0603_1608Metric","~","","","",""
"42","1","R520","360k","Device:R","Resistor_SMD:R_0603_1608Metric","~","","","",""
"43","1","R523","120k","Device:R","Resistor_SMD:R_0603_1608Metric","~","","","",""
"44","1","R528","150k","Device:R","Resistor_SMD:R_0603_1608Metric","~","","","",""
"45","1","R533","180k","Device:R","Resistor_SMD:R_0603_1608Metric","~","","","",""
"46","1","R534","82k","Device:R","Resistor_SMD:R_0603_1608Metric","~","","","",""
"47","2","R603, R617","1k","Device:R","Resistor_THT:R_Axial_DIN0207_L6.3mm_D2.5mm_P7.62mm_Horizontal","~","","","",""
"48","2","R606, R612","12k","Device:R","Resistor_SMD:R_0603_1608Metric","~","","","",""
"49","1","R618","5k6","Device:R","Resistor_THT:R_Axial_DIN0207_L6.3mm_D2.5mm_P7.62mm_Horizontal","~","","","",""
"50","1","R715","10","Device:R","Resistor_SMD:R_0603_1608Metric","~","","","",""
"51","2","R716, R717","22","Device:R","Resistor_SMD:R_0603_1608Metric","~","","","",""
"52","2","RV701, RV702","20k lin","Device:R_POT","Potentiometer_SMD:Potentiometer_Vishay_TS53YL_Vertical","~","Vishay TS53YL203MR10","","",""
"53","2","T701, T702","1:1","Device:Transformer_1P_1S","local:Transformer_NF_EI14","~","","","NP",""
"54","1","U201","DOIT-DEVKITV1-ESP32-WROOM-32","local:DOIT-DEVKITV1-ESP32-WROOM-32","local:DOIT-DEVKITV1-ESP32-WROOM-32","","Doit ESP32 DEVKITV1 (Board mit ESP WROOM-32)","","",""
"55","5","U202, U503, U504, U505, U601","LTV-357T","Isolator:LTV-357T","Package_SO:SO-4_4.4x3.6mm_P2.54mm","https://www.buerklin.com/medias/sys_master/download/download/h91/ha0/8892020588574.pdf","Lite-On LTV-357T","","",""
"56","1","U301","TSOP31238","Interface_Optical:TSOP312xx","OptoDevice:Vishay_CAST-3Pin","http://www.vishay.com/docs/82492/tsop312.pdf","Vishay TSOP31238","","",""
"57","1","U401","1117 5.0V","Regulator_Linear:AP1117-18","Package_TO_SOT_SMD:TO-252-3_TabPin2","","LD1117DT50CTR","","",""
"58","1","U402","1117 1.8V","Regulator_Linear:AP1117-18","Package_TO_SOT_SMD:SOT-223-3_TabPin2","","ST LD1117S18CTR","","",""
"59","1","U403","1117 3.3V","Regulator_Linear:AP1117-33","Package_TO_SOT_SMD:SOT-223-3_TabPin2","","ST LD1117S33CTR","","",""
"60","1","U501","ADA4522-2","Device:Opamp_Dual_Generic","Package_SO:SOIC-8_3.9x4.9mm_P1.27mm","https://www.analog.com/media/en/technical-documentation/data-sheets/ADA4522-1_4522-2_4522-4.pdf","ADA4522-2ARMZ","","",""
"61","1","U502","LM339","Comparator:LM339","Package_SO:SOIC-14_3.9x8.7mm_P1.27mm","https://www.st.com/resource/en/datasheet/lm139.pdf","ON LM339DR2G","","",""
"62","1","U701","AD8656","Device:Opamp_Dual_Generic","Package_SO:SOIC-8_3.9x4.9mm_P1.27mm","https://www.analog.com/media/en/technical-documentation/data-sheets/AD8655_8656.pdf","AD8656ARZ","","",""
"63","1","U702","VS1053","local:VS1053","Package_QFP:LQFP-48_7x7mm_P0.5mm","","VLSI VS1053B","","",""
"64","1","Y701","12,288MHz","Device:Crystal","Crystal:Crystal_SMD_HC49-SD","~","12,2880-HC49-SMD","","",""
